date,time,power_consumption
2023-04-11,23:61,-2.095506
2023-04-11,22:59,1.4486814
2023-04-11,20:26,1.1289935
2023-04-11,05:-1,4.7627234
2023-04-11,00:01,0.21455899
2023-04-11,-1:02,-2.477319
2023-04-11,00:04,-1.0185548
2023-04-11,00:05,1.3685557
2023-04-11,00:06,3.1629524
2023-04-11,00:07,3.9024508
2023-04-11,00:08,4.182084
2023-04-11,00:09,5.8771696
2023-04-11,00:10,4.8344126
2023-04-11,00:12,4.994012
2023-04-11,00:13,4.258232
2023-04-11,00:14,4.8847885
2023-04-11,00:14,5.667711
2023-04-11,00:15,6.3863826
2023-04-11,00:16,6.131588
2023-04-11,00:17,5.9481254
2023-04-11,00:18,5.483525
2023-04-11,00:19,4.8217783
2023-04-11,00:20,3.5123136
2023-04-11,00:21,2.8426974
2023-04-11,00:22,2.43906
2023-04-11,00:23,2.0492413
2023-04-11,00:24,1.7673364
2023-04-11,00:25,1.7888765
2023-04-11,00:26,1.9317181
2023-04-11,00:27,2.00982
2023-04-11,00:28,1.784654
2023-04-11,00:29,1.3364992
2023-04-11,00:30,0.7348856
2023-04-11,00:31,0.24533857
2023-04-11,00:32,0.299425
2023-04-11,00:33,0.6836336
2023-04-11,00:34,1.2689983
2023-04-11,00:35,1.5838118
2023-04-11,00:36,1.487989
2023-04-11,00:37,1.2270254
2023-04-11,00:38,1.1300012
2023-04-11,00:39,0.9124262
2023-04-11,00:40,0.9258397
2023-04-11,00:41,1.1416229
2023-04-11,00:42,1.4114236
2023-04-11,00:43,1.672918
2023-04-11,00:44,1.5012395
2023-04-11,00:45,1.0413699
2023-04-11,00:46,0.8271569
2023-04-11,00:47,0.72088015
2023-04-11,00:47,0.5751376
2023-04-11,00:48,0.80779785
2023-04-11,00:49,0.52305907
2023-04-11,00:50,-0.060403906
2023-04-11,00:51,-0.14701706
2023-04-11,00:52,-0.61063474
2023-04-11,00:53,-0.35814092
2023-04-11,00:54,0.17433596
2023-04-11,00:56,0.7089129
2023-04-11,00:57,-0.35463178
2023-04-11,-1:60,-1.5217831
2023-04-11,00:61,-3.6728213
2023-04-11,01:44,-5.0217724
2023-04-11,01:01,-3.659512
2023-04-11,01:04,-5.232918
2023-04-11,00:05,1.448835
2023-04-11,01:05,3.1513782
2023-04-11,01:06,0.9707751
2023-04-11,01:07,3.6300294
2023-04-11,01:08,3.450095
2023-04-11,01:09,2.402672
2023-04-11,01:10,2.1915696
2023-04-11,01:11,2.256812
2023-04-11,01:12,2.0007052
2023-04-11,01:13,3.458621
2023-04-11,01:14,3.948989
2023-04-11,01:15,3.3769922
2023-04-11,01:16,3.0911376
2023-04-11,01:17,2.331214
2023-04-11,01:19,1.8414346
2023-04-11,01:20,1.7088459
2023-04-11,01:21,1.5095485
2023-04-11,01:22,1.50831
2023-04-11,01:23,1.1438776
2023-04-11,01:23,1.3753393
2023-04-11,01:24,1.3291103
2023-04-11,01:25,1.0756438
2023-04-11,01:26,1.3835478
2023-04-11,01:27,1.1973615
2023-04-11,01:28,0.7842396
2023-04-11,01:29,0.5391352
2023-04-11,01:30,0.66625595
2023-04-11,01:31,0.6163422
2023-04-11,01:32,0.83775514
2023-04-11,01:33,1.1264725
2023-04-11,01:34,1.602529
2023-04-11,01:35,2.086049
2023-04-11,01:35,2.3562763
2023-04-11,01:36,2.6123562
2023-04-11,01:37,2.9445746
2023-04-11,01:38,2.9092922
2023-04-11,01:39,2.966612
2023-04-11,01:40,3.3248885
2023-04-11,01:41,3.363153
2023-04-11,01:42,3.151872
2023-04-11,01:43,3.0334396
2023-04-11,01:44,2.6857698
2023-04-11,01:45,2.0554473
2023-04-11,01:46,1.8980207
2023-04-11,01:46,2.0273044
2023-04-11,01:47,1.9783177
2023-04-11,01:48,1.6695383
2023-04-11,01:49,1.2059537
2023-04-11,01:50,0.6552223
2023-04-11,01:51,0.5714962
2023-04-11,01:52,0.05773016
2023-04-11,01:54,-0.02390796
2023-04-11,01:55,-1.1344621
2023-04-11,01:57,-2.4729812
2023-04-11,01:59,-1.8307633
2023-04-11,01:61,-1.4944829
2023-04-11,01:57,-3.485755
2023-04-11,02:22,-4.5751944
2023-04-11,02:01,-2.5560205
2023-04-11,02:04,-5.013702
2023-04-11,02:04,-3.203763
2023-04-11,02:05,-1.2861542
2023-04-11,02:06,0.30279353
2023-04-11,02:07,0.8093969
2023-04-11,02:08,1.2496468
2023-04-11,02:09,3.5772598
2023-04-11,02:10,3.8184369
2023-04-11,02:11,3.4918807
2023-04-11,02:12,4.432156
2023-04-11,02:13,4.273041
2023-04-11,02:14,3.6343982
2023-04-11,02:15,3.5504308
2023-04-11,02:16,3.1142788
2023-04-11,02:17,2.6633794
2023-04-11,02:18,2.0540113
2023-04-11,02:19,1.3348881
2023-04-11,02:20,0.7540928
2023-04-11,02:21,0.9466469
2023-04-11,02:22,0.979956
2023-04-11,02:23,1.3861033
2023-04-11,02:24,1.842406
2023-04-11,02:25,1.7412906
2023-04-11,02:26,1.8920287
2023-04-11,02:27,1.9508014
2023-04-11,02:28,1.9640585
2023-04-11,02:29,2.111685
2023-04-11,02:30,1.9836923
2023-04-11,02:31,1.5975009
2023-04-11,02:32,1.5717345
2023-04-11,02:33,1.2938958
2023-04-11,02:34,1.0814356
2023-04-11,02:35,1.1910565
2023-04-11,02:35,1.3205627
2023-04-11,02:36,1.2851099
2023-04-11,02:37,1.1532922
2023-04-11,02:38,1.3073112
2023-04-11,02:39,1.4230714
2023-04-11,02:40,1.3391451
2023-04-11,02:41,1.4754581
2023-04-11,02:42,1.3817765
2023-04-11,02:43,1.3694749
2023-04-11,02:44,1.3284873
2023-04-11,02:45,1.2987777
2023-04-11,02:46,1.5097153
2023-04-11,02:47,1.5524985
2023-04-11,02:47,1.367453
2023-04-11,02:48,1.3201017
2023-04-11,02:49,0.92561996
2023-04-11,02:50,0.9749497
2023-04-11,02:51,1.5689257
2023-04-11,02:52,2.2524407
2023-04-11,02:53,2.77199
2023-04-11,02:55,1.5995563
2023-04-11,02:56,-0.51067364
2023-04-11,02:59,-1.3395777
2023-04-11,02:61,-1.4501728
2023-04-11,02:59,-1.4220309
2023-04-11,03:30,-0.6628879
2023-04-11,03:-1,-2.5237906
2023-04-11,03:04,0.6538323
2023-04-11,03:04,2.9113615
2023-04-11,03:05,4.8711767
2023-04-11,03:06,4.36136
2023-04-11,03:07,4.658931
2023-04-11,03:08,4.20279
2023-04-11,03:09,3.8177412
2023-04-11,03:10,4.891656
2023-04-11,03:11,3.9546123
2023-04-11,03:12,3.0937006
2023-04-11,03:13,2.9215593
2023-04-11,03:14,2.345815
2023-04-11,03:15,2.5574026
2023-04-11,03:16,2.8199177
2023-04-11,03:17,2.9867349
2023-04-11,03:18,2.4436429
2023-04-11,03:19,2.0347426
2023-04-11,03:20,1.6691564
2023-04-11,03:21,1.2268652
2023-04-11,03:22,1.3072041
2023-04-11,03:23,1.7244638
2023-04-11,03:24,2.3879147
2023-04-11,03:25,2.6311033
2023-04-11,03:26,2.672007
2023-04-11,03:27,2.2517226
2023-04-11,03:28,1.5582726
2023-04-11,03:29,0.9202193
2023-04-11,03:30,0.68273115
2023-04-11,03:31,0.7400511
2023-04-11,03:32,0.736555
2023-04-11,03:33,0.8649064
2023-04-11,03:34,1.3110169
2023-04-11,03:35,1.4568964
2023-04-11,03:35,1.4786898
2023-04-11,03:36,1.6926477
2023-04-11,03:37,1.7310425
2023-04-11,03:38,1.9802139
2023-04-11,03:39,1.9565252
2023-04-11,03:40,1.911533
2023-04-11,03:41,2.2042997
2023-04-11,03:42,2.6336923
2023-04-11,03:43,2.5668657
2023-04-11,03:44,2.2506711
2023-04-11,03:45,1.8937404
2023-04-11,03:46,2.0213385
2023-04-11,03:47,2.3192878
2023-04-11,03:47,2.3287535
2023-04-11,03:48,2.514626
2023-04-11,03:49,2.2090073
2023-04-11,03:50,1.6362758
2023-04-11,03:51,0.88603765
2023-04-11,03:52,0.3457923
2023-04-11,03:53,-0.85222757
2023-04-11,03:55,-0.619829
2023-04-11,03:57,-1.0204933
2023-04-11,03:59,-0.3764867
2023-04-11,03:61,-0.113617696
2023-04-11,03:59,-1.2757552
2023-04-11,04:28,-2.8884277
2023-04-11,04:-1,-2.7062473
2023-04-11,04:04,-0.52027726
2023-04-11,04:04,-0.47048137
2023-04-11,04:05,2.7915437
2023-04-11,04:06,0.549998
2023-04-11,04:07,1.4083866
2023-04-11,04:07,3.0455914
2023-04-11,04:09,4.354003
2023-04-11,04:10,4.070243
2023-04-11,04:11,3.8409252
2023-04-11,04:12,4.614164
2023-04-11,04:13,3.9781659
2023-04-11,04:14,4.600373
2023-04-11,04:15,4.004521
2023-04-11,04:16,3.35719
2023-04-11,04:17,2.5132077
2023-04-11,04:18,1.526395
2023-04-11,04:19,0.5656262
2023-04-11,04:20,0.6824043
2023-04-11,04:21,1.0031323
2023-04-11,04:22,0.86418086
2023-04-11,04:23,0.7072012
2023-04-11,04:24,0.6144265
2023-04-11,04:25,0.91740024
2023-04-11,04:26,0.9510855
2023-04-11,04:27,0.9928033
2023-04-11,04:28,0.755507
2023-04-11,04:29,0.9743574
2023-04-11,04:30,1.2271771
2023-04-11,04:31,1.0019011
2023-04-11,04:32,1.1073825
2023-04-11,04:33,1.1873379
2023-04-11,04:34,1.4899418
2023-04-11,04:35,1.7990901
2023-04-11,04:35,2.0810964
2023-04-11,04:36,2.5027044
2023-04-11,04:37,2.6517327
2023-04-11,04:38,2.76436
2023-04-11,04:39,3.0146368
2023-04-11,04:40,3.409792
2023-04-11,04:41,3.6903071
2023-04-11,04:42,3.8992414
2023-04-11,04:43,3.7812715
2023-04-11,04:44,3.3443892
2023-04-11,04:45,3.2754364
2023-04-11,04:46,3.1428485
2023-04-11,04:47,3.0044184
2023-04-11,04:48,3.0557473
2023-04-11,04:48,2.86362
2023-04-11,04:49,2.1557004
2023-04-11,04:50,1.7468774
2023-04-11,04:51,1.6488633
2023-04-11,04:52,2.0469055
2023-04-11,04:53,1.0642986
2023-04-11,04:55,1.0006342
2023-04-11,04:56,1.3630023
2023-04-11,04:58,-0.85454744
2023-04-11,04:61,-2.3249543
2023-04-11,04:59,-1.5449437
2023-04-11,05:29,-2.39312
2023-04-11,05:-1,-6.572178
2023-04-11,05:04,-5.107836
2023-04-11,05:04,-1.0528138
2023-04-11,05:05,0.8891286
2023-04-11,05:06,3.8665826
2023-04-11,05:06,4.1854544
2023-04-11,05:07,4.722954
2023-04-11,05:09,3.405857
2023-04-11,05:10,4.390333
2023-04-11,05:11,4.675504
2023-04-11,05:12,4.6709127
2023-04-11,05:13,3.9446743
2023-04-11,05:14,4.1654043
2023-04-11,05:15,4.3378334
2023-04-11,05:16,3.5718985
2023-04-11,05:17,3.2685568
2023-04-11,05:18,2.4045765
2023-04-11,05:19,1.7000105
2023-04-11,05:20,0.8384508
2023-04-11,05:21,-0.026036922
2023-04-11,05:22,0.18276799
2023-04-11,05:23,0.08018018
2023-04-11,05:24,0.19898759
2023-04-11,05:25,0.5859892
2023-04-11,05:26,1.2245266
2023-04-11,05:27,1.8629841
2023-04-11,05:28,2.4196787
2023-04-11,05:29,2.3581836
2023-04-11,05:30,2.0245616
2023-04-11,05:31,1.8168203
2023-04-11,05:32,1.5426462
2023-04-11,05:33,1.5942936
2023-04-11,05:34,1.5241905
2023-04-11,05:35,1.2878041
2023-04-11,05:35,1.4130962
2023-04-11,05:36,1.5974059
2023-04-11,05:37,1.8652136
2023-04-11,05:38,1.9924446
2023-04-11,05:39,2.0671046
2023-04-11,05:40,2.0515835
2023-04-11,05:41,2.34587
2023-04-11,05:42,2.4233425
2023-04-11,05:43,2.582722
2023-04-11,05:44,2.33805
2023-04-11,05:45,1.980444
2023-04-11,05:46,1.4114468
2023-04-11,05:47,0.6882454
2023-04-11,05:48,0.52026373
2023-04-11,05:48,0.75232285
2023-04-11,05:49,1.2054368
2023-04-11,05:50,1.3748382
2023-04-11,05:51,1.0375692
2023-04-11,05:52,1.2744287
2023-04-11,05:53,0.55543774
2023-04-11,05:55,0.66711414
2023-04-11,05:56,0.63882947
2023-04-11,05:58,-0.79858446
2023-04-11,05:61,-2.2025886
2023-04-11,05:59,-3.3168344
2023-04-11,06:30,-2.976611
2023-04-11,06:-1,-0.6882873
2023-04-11,06:04,-0.2808604
2023-04-11,06:04,-0.94080627
2023-04-11,06:05,0.9291389
2023-04-11,06:06,1.5188421
2023-04-11,06:06,2.4373465
2023-04-11,06:07,2.834327
2023-04-11,06:09,4.386792
2023-04-11,06:10,5.803622
2023-04-11,06:11,5.0171165
2023-04-11,06:12,4.7100544
2023-04-11,06:13,4.1386285
2023-04-11,06:14,4.3840365
2023-04-11,06:15,3.866656
2023-04-11,06:16,3.406549
2023-04-11,06:17,3.6678386
2023-04-11,06:18,3.028394
2023-04-11,06:19,2.61286
2023-04-11,06:20,1.6841085
2023-04-11,06:21,0.8916739
2023-04-11,06:22,0.11880416
2023-04-11,06:23,-0.2762672
2023-04-11,06:24,0.22866406
2023-04-11,06:25,0.55741906
2023-04-11,06:26,1.0969986
2023-04-11,06:27,1.279035
2023-04-11,06:28,1.3120329
2023-04-11,06:29,1.0368121
2023-04-11,06:30,0.89622426
2023-04-11,06:31,0.94447374
2023-04-11,06:32,0.98419154
2023-04-11,06:33,1.2319148
2023-04-11,06:34,1.3096907
2023-04-11,06:35,1.2133334
2023-04-11,06:35,0.9630686
2023-04-11,06:36,1.1119152
2023-04-11,06:37,1.2531959
2023-04-11,06:38,1.3628486
2023-04-11,06:39,1.8125325
2023-04-11,06:40,2.2021623
2023-04-11,06:42,2.3748186
2023-04-11,06:43,2.1819715
2023-04-11,06:44,1.6804718
2023-04-11,06:44,1.2846507
2023-04-11,06:45,1.1566234
2023-04-11,06:46,0.99903095
2023-04-11,06:47,1.0188658
2023-04-11,06:48,1.4636772
2023-04-11,06:49,2.0115626
2023-04-11,06:49,1.7909393
2023-04-11,06:50,2.0260313
2023-04-11,06:51,1.8496804
2023-04-11,06:52,1.3087585
2023-04-11,06:53,0.27061325
2023-04-11,06:55,0.23591472
2023-04-11,06:56,-1.2682954
2023-04-11,06:58,-1.4627652
2023-04-11,06:61,-1.2770888
2023-04-11,06:60,-1.3920734
2023-04-11,07:31,-1.2708274
2023-04-11,07:-2,-5.007532
2023-04-11,07:04,-2.166728
2023-04-11,07:04,3.200011
2023-04-11,07:05,4.3862205
2023-04-11,07:05,1.7005888
2023-04-11,07:06,0.5985301
2023-04-11,07:07,1.27246
2023-04-11,07:09,3.770862
2023-04-11,07:10,4.122481
2023-04-11,07:11,3.067967
2023-04-11,07:12,4.1027417
2023-04-11,07:13,3.9544632
2023-04-11,07:14,3.6068575
2023-04-11,07:15,3.060145
2023-04-11,07:16,2.0644689
2023-04-11,07:17,1.9630164
2023-04-11,07:18,1.4796742
2023-04-11,07:19,0.8948506
2023-04-11,07:20,0.9860579
2023-04-11,07:21,0.53938574
2023-04-11,07:22,0.44685698
2023-04-11,07:23,0.7794406
2023-04-11,07:24,1.5197585
2023-04-11,07:25,1.6798533
2023-04-11,07:26,1.350628
2023-04-11,07:27,1.3924938
2023-04-11,07:28,1.6233559
2023-04-11,07:29,1.8483654
2023-04-11,07:30,2.015164
2023-04-11,07:31,2.2048593
2023-04-11,07:32,2.548112
2023-04-11,07:33,2.7358146
2023-04-11,07:34,3.0558925
2023-04-11,07:35,3.2689898
2023-04-11,07:35,3.3662572
2023-04-11,07:36,3.1417093
2023-04-11,07:37,2.8869493
2023-04-11,07:38,3.0102196
2023-04-11,07:39,3.1010497
2023-04-11,07:40,3.2806182
2023-04-11,07:42,3.4222033
2023-04-11,07:43,3.1899734
2023-04-11,07:44,2.860749
2023-04-11,07:45,2.3368783
2023-04-11,07:45,1.8484716
2023-04-11,07:46,1.9368374
2023-04-11,07:47,1.9702424
2023-04-11,07:48,1.7322756
2023-04-11,07:49,2.0703595
2023-04-11,07:49,1.8608541
2023-04-11,07:50,2.114033
2023-04-11,07:51,2.2731612
2023-04-11,07:52,2.6717026
2023-04-11,07:53,2.4092677
2023-04-11,07:55,1.9234285
2023-04-11,07:56,0.7801996
2023-04-11,07:58,-0.2935252
2023-04-11,07:61,0.9276595
2023-04-11,07:60,-0.36036813
2023-04-11,08:31,-0.67793494
2023-04-11,08:-2,-5.5580077
2023-04-11,08:04,-2.0354295
2023-04-11,08:04,-1.1445137
2023-04-11,08:05,3.3129687
2023-04-11,08:05,4.420772
2023-04-11,08:06,5.11281
2023-04-11,08:07,5.8836727
2023-04-11,08:08,4.3502674
2023-04-11,08:10,5.138418
2023-04-11,08:11,4.583808
2023-04-11,08:12,3.6513908
2023-04-11,08:13,3.868286
2023-04-11,08:14,4.0493927
2023-04-11,08:15,4.1278553
2023-04-11,08:16,4.232881
2023-04-11,08:17,3.3513124
2023-04-11,08:18,2.7587888
2023-04-11,08:19,1.7981067
2023-04-11,08:20,0.84572476
2023-04-11,08:21,0.45925727
2023-04-11,08:22,0.8429173
2023-04-11,08:23,0.9626784
2023-04-11,08:24,0.81235194
2023-04-11,08:25,1.0416595
2023-04-11,08:26,1.2389908
2023-04-11,08:27,1.2607619
2023-04-11,08:28,1.6483157
2023-04-11,08:29,1.4880877
2023-04-11,08:30,1.2920891
2023-04-11,08:31,0.9633406
2023-04-11,08:32,0.76985514
2023-04-11,08:33,0.6147217
2023-04-11,08:34,0.46671236
2023-04-11,08:35,0.29091194
2023-04-11,08:35,0.46282324
2023-04-11,08:36,0.5632299
2023-04-11,08:37,0.47837508
2023-04-11,08:38,0.85998255
2023-04-11,08:39,1.2321681
2023-04-11,08:40,1.5924029
2023-04-11,08:42,2.030442
2023-04-11,08:43,2.0569282
2023-04-11,08:44,2.0774457
2023-04-11,08:45,1.9294578
2023-04-11,08:46,1.678978
2023-04-11,08:46,1.8864511
2023-04-11,08:47,1.7479997
2023-04-11,08:48,1.255338
2023-04-11,08:49,1.1939342
2023-04-11,08:50,1.1644241
2023-04-11,08:50,0.915764
2023-04-11,08:51,0.2072762
2023-04-11,08:52,0.25430238
2023-04-11,08:53,0.54815537
2023-04-11,08:55,-0.3500386
2023-04-11,08:56,-0.2268857
2023-04-11,08:58,-1.417166
2023-04-11,08:61,-1.1129562
2023-04-11,08:60,-1.3172157
2023-04-11,09:32,-2.7824852
2023-04-11,09:-2,-0.075383
2023-04-11,09:03,-1.2309853
2023-04-11,09:04,2.5122325
2023-04-11,09:05,5.505616
2023-04-11,09:05,5.98002
2023-04-11,09:06,5.457905
2023-04-11,09:07,5.0435843
2023-04-11,09:08,3.4579878
2023-04-11,09:10,3.000195
2023-04-11,09:11,2.907654
2023-04-11,09:12,2.7017949
2023-04-11,09:13,1.9184805
2023-04-11,09:14,2.471314
2023-04-11,09:15,1.8591993
2023-04-11,09:16,1.5751245
2023-04-11,09:17,1.9474077
2023-04-11,09:18,2.0871797
2023-04-11,09:19,1.5209291
2023-04-11,09:20,1.1936605
2023-04-11,09:21,0.8430603
2023-04-11,09:22,0.26761258
2023-04-11,09:23,0.5559499
2023-04-11,09:24,1.203211
2023-04-11,09:25,1.7127721
2023-04-11,09:26,1.893611
2023-04-11,09:27,1.9702387
2023-04-11,09:28,1.7184085
2023-04-11,09:29,1.3811516
2023-04-11,09:30,1.0101433
2023-04-11,09:31,0.6330866
2023-04-11,09:32,0.702662
2023-04-11,09:33,0.9454819
2023-04-11,09:34,1.1205493
2023-04-11,09:35,1.0006672
2023-04-11,09:35,1.2982515
2023-04-11,09:36,1.7110902
2023-04-11,09:37,1.719553
2023-04-11,09:38,1.5975541
2023-04-11,09:39,1.8471836
2023-04-11,09:41,2.4573507
2023-04-11,09:42,2.810288
2023-04-11,09:43,2.645924
2023-04-11,09:44,2.6501997
2023-04-11,09:45,2.9961057
2023-04-11,09:46,3.5186808
2023-04-11,09:46,3.989023
2023-04-11,09:47,3.9103482
2023-04-11,09:48,3.3818321
2023-04-11,09:49,2.901286
2023-04-11,09:50,2.8737564
2023-04-11,09:50,2.0844016
2023-04-11,09:51,1.7126409
2023-04-11,09:52,1.4739047
2023-04-11,09:53,1.7919228
2023-04-11,09:55,2.3171084
2023-04-11,09:56,2.6797369
2023-04-11,09:58,2.7862036
2023-04-11,09:61,2.0363185
2023-04-11,10:60,1.7421353
2023-04-11,10:32,-1.1143748
2023-04-11,10:-2,-2.2384849
2023-04-11,10:03,-1.2830977
2023-04-11,10:04,1.9181527
2023-04-11,10:05,1.0526861
2023-04-11,10:05,3.1843288
2023-04-11,10:06,4.8316483
2023-04-11,10:07,4.709978
2023-04-11,10:08,3.229686
2023-04-11,10:10,4.574237
2023-04-11,10:11,4.990155
2023-04-11,10:12,4.3909283
2023-04-11,10:13,3.1823766
2023-04-11,10:14,2.240831
2023-04-11,10:15,2.2347682
2023-04-11,10:16,1.8098197
2023-04-11,10:17,1.3148092
2023-04-11,10:18,1.0816982
2023-04-11,10:19,1.0928999
2023-04-11,10:20,1.3582898
2023-04-11,10:21,1.2440346
2023-04-11,10:22,1.3212296
2023-04-11,10:23,1.0132287
2023-04-11,10:24,0.7588811
2023-04-11,10:25,0.9284581
2023-04-11,10:26,0.8447711
2023-04-11,10:27,0.7412855
2023-04-11,10:28,0.3610587
2023-04-11,10:29,-0.00789372
2023-04-11,10:30,-0.47184432
2023-04-11,10:31,-0.90745765
2023-04-11,10:32,-0.9585294
2023-04-11,10:33,-0.6271528
2023-04-11,10:34,-0.4130902
2023-04-11,10:35,-0.08264345
2023-04-11,10:35,0.52603644
2023-04-11,10:36,0.8821001
2023-04-11,10:37,1.467124
2023-04-11,10:38,1.9259515
2023-04-11,10:39,1.8777909
2023-04-11,10:41,1.7281508
2023-04-11,10:42,1.5645906
2023-04-11,10:43,1.2972895
2023-04-11,10:44,1.2329373
2023-04-11,10:45,1.0688508
2023-04-11,10:46,0.8969041
2023-04-11,10:47,0.8724574
2023-04-11,10:47,0.5813056
2023-04-11,10:48,0.22344503
2023-04-11,10:49,0.08663505
2023-04-11,10:50,0.74686265
2023-04-11,10:50,1.5905209
2023-04-11,10:51,1.9240664
2023-04-11,10:52,1.4549341
2023-04-11,10:53,0.5246572
2023-04-11,10:55,0.7188695
2023-04-11,10:56,-0.11617971
2023-04-11,10:58,-1.2271935
2023-04-11,10:61,-0.29654542
2023-04-11,11:60,2.0399756
2023-04-11,11:34,0.36502513
2023-04-11,11:-3,6.840613
2023-04-11,11:03,9.999626
2023-04-11,11:04,15.053502
2023-04-11,11:04,14.142351
2023-04-11,11:05,15.2964325
2023-04-11,11:06,15.844471
2023-04-11,11:07,16.206284
2023-04-11,11:08,17.213654
2023-04-11,11:10,17.537695
2023-04-11,11:11,17.072964
2023-04-11,11:12,17.440218
2023-04-11,11:13,17.528486
2023-04-11,11:14,17.483349
2023-04-11,11:15,16.95514
2023-04-11,11:16,16.31049
2023-04-11,11:17,15.781677
2023-04-11,11:18,15.615818
2023-04-11,11:19,15.69023
2023-04-11,11:20,15.476112
2023-04-11,11:21,15.233573
2023-04-11,11:22,14.906804
2023-04-11,11:23,14.718801
2023-04-11,11:24,14.896044
2023-04-11,11:25,15.221951
2023-04-11,11:26,15.255107
2023-04-11,11:27,15.409897
2023-04-11,11:28,15.149273
2023-04-11,11:29,14.673125
2023-04-11,11:30,14.403837
2023-04-11,11:31,14.14667
2023-04-11,11:32,13.827583
2023-04-11,11:33,13.88322
2023-04-11,11:34,14.21199
2023-04-11,11:35,14.610983
2023-04-11,11:35,15.076434
2023-04-11,11:36,15.567155
2023-04-11,11:37,15.705927
2023-04-11,11:38,15.781113
2023-04-11,11:39,15.807147
2023-04-11,11:40,15.835978
2023-04-11,11:42,15.99275
2023-04-11,11:43,15.886594
2023-04-11,11:44,15.778088
2023-04-11,11:45,15.515839
2023-04-11,11:46,15.48182
2023-04-11,11:46,15.646255
2023-04-11,11:47,15.81217
2023-04-11,11:48,15.6298895
2023-04-11,11:49,15.492146
2023-04-11,11:50,15.3951845
2023-04-11,11:50,15.212394
2023-04-11,11:51,15.003254
2023-04-11,11:52,14.911515
2023-04-11,11:53,14.220957
2023-04-11,11:55,13.354594
2023-04-11,11:56,13.392482
2023-04-11,11:58,12.82049
2023-04-11,11:61,12.920093
2023-04-11,12:58,13.307957
2023-04-11,12:25,13.798502
2023-04-11,12:-2,11.888036
2023-04-11,12:03,13.211536
2023-04-11,12:04,15.577552
2023-04-11,12:04,15.336548
2023-04-11,12:05,14.860155
2023-04-11,12:06,15.9795475
2023-04-11,12:07,17.013548
2023-04-11,12:08,17.168438
2023-04-11,12:09,17.753195
2023-04-11,12:11,17.115047
2023-04-11,12:12,16.587759
2023-04-11,12:13,16.622566
2023-04-11,12:13,16.734741
2023-04-11,12:14,16.53553
2023-04-11,12:15,16.386936
2023-04-11,12:17,15.978879
2023-04-11,12:18,15.483345
2023-04-11,12:19,15.161141
2023-04-11,12:20,14.997901
2023-04-11,12:21,14.833248
2023-04-11,12:22,14.6268635
2023-04-11,12:23,14.392968
2023-04-11,12:24,14.457765
2023-04-11,12:24,14.716733
2023-04-11,12:25,14.727351
2023-04-11,12:26,14.880985
2023-04-11,12:28,14.687993
2023-04-11,12:29,14.310718
2023-04-11,12:30,14.001044
2023-04-11,12:31,13.902714
2023-04-11,12:32,14.043797
2023-04-11,12:33,14.230732
2023-04-11,12:34,14.219589
2023-04-11,12:34,14.308278
2023-04-11,12:35,14.615847
2023-04-11,12:36,14.710495
2023-04-11,12:37,14.652351
2023-04-11,12:38,14.8611765
2023-04-11,12:39,14.978927
2023-04-11,12:40,14.847467
2023-04-11,12:42,14.5869
2023-04-11,12:43,14.386786
2023-04-11,12:44,14.3232155
2023-04-11,12:45,14.529917
2023-04-11,12:46,14.532981
2023-04-11,12:47,14.364404
2023-04-11,12:47,14.151882
2023-04-11,12:48,14.179829
2023-04-11,12:49,14.4863205
2023-04-11,12:50,14.806828
2023-04-11,12:50,14.456574
2023-04-11,12:51,14.218662
2023-04-11,12:52,14.039542
2023-04-11,12:53,13.812074
2023-04-11,12:54,13.279313
2023-04-11,12:56,12.759815
2023-04-11,12:58,13.221177
2023-04-11,12:60,13.680404
2023-04-11,13:60,14.231311
2023-04-11,13:33,12.94978
2023-04-11,13:-3,10.329357
2023-04-11,13:03,10.420602
2023-04-11,13:04,13.490552
2023-04-11,13:04,15.870492
2023-04-11,13:05,17.433012
2023-04-11,13:06,17.814285
2023-04-11,13:07,17.333666
2023-04-11,13:08,18.157818
2023-04-11,13:09,18.166367
2023-04-11,13:11,17.278881
2023-04-11,13:12,16.939684
2023-04-11,13:13,16.838835
2023-04-11,13:13,16.306147
2023-04-11,13:14,16.269026
2023-04-11,13:16,15.922669
2023-04-11,13:17,15.700885
2023-04-11,13:18,15.302405
2023-04-11,13:19,15.094408
2023-04-11,13:20,14.64224
2023-04-11,13:21,14.577101
2023-04-11,13:22,14.7330675
2023-04-11,13:23,14.954338
2023-04-11,13:24,14.802232
2023-04-11,13:24,14.639488
2023-04-11,13:25,14.745402
2023-04-11,13:26,14.829633
2023-04-11,13:28,14.704382
2023-04-11,13:29,14.618506
2023-04-11,13:30,14.494331
2023-04-11,13:31,14.47627
2023-04-11,13:32,14.318558
2023-04-11,13:33,14.148542
2023-04-11,13:34,14.297167
2023-04-11,13:34,14.66899
2023-04-11,13:35,14.916177
2023-04-11,13:36,15.080413
2023-04-11,13:37,15.233518
2023-04-11,13:38,15.395423
2023-04-11,13:39,15.354395
2023-04-11,13:40,15.398826
2023-04-11,13:42,15.607669
2023-04-11,13:43,15.809553
2023-04-11,13:44,15.795822
2023-04-11,13:45,15.619491
2023-04-11,13:46,15.343342
2023-04-11,13:47,15.325751
2023-04-11,13:47,15.500044
2023-04-11,13:48,15.661158
2023-04-11,13:49,15.631908
2023-04-11,13:50,15.597409
2023-04-11,13:51,15.118574
2023-04-11,13:51,14.312277
2023-04-11,13:52,14.018022
2023-04-11,13:53,13.852569
2023-04-11,13:54,12.922117
2023-04-11,13:56,12.326557
2023-04-11,13:58,11.626409
2023-04-11,13:60,12.136741
2023-04-11,14:59,13.49134
2023-04-11,14:31,12.607576
2023-04-11,14:-3,12.123239
2023-04-11,14:03,12.336551
2023-04-11,14:03,14.470936
2023-04-11,14:04,13.99902
2023-04-11,14:05,14.980447
2023-04-11,14:06,15.182962
2023-04-11,14:07,15.5084715
2023-04-11,14:08,16.320593
2023-04-11,14:09,16.505543
2023-04-11,14:11,16.073475
2023-04-11,14:12,15.592011
2023-04-11,14:13,15.823299
2023-04-11,14:13,16.086512
2023-04-11,14:14,16.129858
2023-04-11,14:15,15.990806
2023-04-11,14:17,16.033695
2023-04-11,14:18,16.147171
2023-04-11,14:19,15.76657
2023-04-11,14:20,15.238986
2023-04-11,14:21,14.781397
2023-04-11,14:22,14.70927
2023-04-11,14:23,14.650686
2023-04-11,14:24,14.563017
2023-04-11,14:24,14.54365
2023-04-11,14:25,14.809345
2023-04-11,14:26,14.938314
2023-04-11,14:28,14.831563
2023-04-11,14:29,14.901975
2023-04-11,14:30,14.598557
2023-04-11,14:31,14.1708
2023-04-11,14:32,13.976645
2023-04-11,14:33,14.061851
2023-04-11,14:34,14.313893
2023-04-11,14:34,14.716344
2023-04-11,14:35,15.115921
2023-04-11,14:36,15.509539
2023-04-11,14:37,15.595484
2023-04-11,14:38,15.654324
2023-04-11,14:39,15.644174
2023-04-11,14:40,15.748363
2023-04-11,14:42,15.764925
2023-04-11,14:43,15.775357
2023-04-11,14:44,15.82901
2023-04-11,14:45,15.621947
2023-04-11,14:46,15.396501
2023-04-11,14:47,15.058516
2023-04-11,14:48,14.666502
2023-04-11,14:48,14.219016
2023-04-11,14:49,14.294176
2023-04-11,14:50,14.188009
2023-04-11,14:51,14.14928
2023-04-11,14:51,14.248643
2023-04-11,14:52,14.483959
2023-04-11,14:53,13.967675
2023-04-11,14:54,13.683326
2023-04-11,14:56,13.598591
2023-04-11,14:57,13.262537
2023-04-11,14:60,13.615296
2023-04-11,15:60,13.285538
2023-04-11,14:33,13.739627
2023-04-11,15:-2,87.67651
2023-04-11,15:03,104.56336
2023-04-11,15:03,112.31148
2023-04-11,15:04,108.26219
2023-04-11,15:05,104.21309
2023-04-11,15:06,107.29459
2023-04-11,15:07,111.45697
2023-04-11,15:08,110.79339
2023-04-11,15:09,111.459785
2023-04-11,15:10,113.72476
2023-04-11,15:11,114.47445
2023-04-11,15:12,114.45867
2023-04-11,15:13,112.70269
2023-04-11,15:15,111.0565
2023-04-11,15:16,107.89695
2023-04-11,15:17,107.59323
2023-04-11,15:18,106.74642
2023-04-11,15:19,107.58875
2023-04-11,15:20,109.25717
2023-04-11,15:21,111.198746
2023-04-11,15:22,110.96514
2023-04-11,15:22,110.20922
2023-04-11,15:23,110.21634
2023-04-11,15:24,109.28467
2023-04-11,15:25,109.45673
2023-04-11,15:27,108.03968
2023-04-11,15:28,108.49572
2023-04-11,15:29,107.69349
2023-04-11,15:30,108.00711
2023-04-11,15:31,108.65894
2023-04-11,15:32,109.46925
2023-04-11,15:33,110.7384
2023-04-11,15:34,110.07194
2023-04-11,15:34,109.3646
2023-04-11,15:35,108.59082
2023-04-11,15:36,108.81685
2023-04-11,15:37,108.19174
2023-04-11,15:38,106.988365
2023-04-11,15:39,106.16899
2023-04-11,15:40,106.92679
2023-04-11,15:42,108.60851
2023-04-11,15:43,109.4298
2023-04-11,15:44,109.87145
2023-04-11,15:45,110.78462
2023-04-11,15:46,111.98529
2023-04-11,15:47,113.62753
2023-04-11,15:48,113.972
2023-04-11,15:49,113.441246
2023-04-11,15:49,111.81605
2023-04-11,15:50,111.31542
2023-04-11,15:51,110.27962
2023-04-11,15:52,106.79009
2023-04-11,15:53,105.35167
2023-04-11,15:54,106.477196
2023-04-11,15:55,107.16844
2023-04-11,15:57,106.267494
2023-04-11,15:59,107.01621
2023-04-11,15:58,101.907684
2023-04-11,16:31,100.46736
2023-04-11,16:-6,91.704285
2023-04-11,16:02,93.936676
2023-04-11,16:02,117.844765
2023-04-11,16:02,110.57727
2023-04-11,16:04,111.36599
2023-04-11,16:05,115.25263
2023-04-11,16:05,109.7275
2023-04-11,16:06,114.66858
2023-04-11,16:07,117.45152
2023-04-11,16:08,115.995384
2023-04-11,16:10,117.36116
2023-04-11,16:11,117.07486
2023-04-11,16:12,112.32166
2023-04-11,16:13,108.65025
2023-04-11,16:13,106.374084
2023-04-11,16:14,108.185356
2023-04-11,16:15,109.14486
2023-04-11,16:17,110.792694
2023-04-11,16:18,110.89368
2023-04-11,16:19,110.47986
2023-04-11,16:20,110.10944
2023-04-11,16:21,107.95452
2023-04-11,16:22,108.68763
2023-04-11,16:23,109.90854
2023-04-11,16:24,108.621796
2023-04-11,16:24,106.85068
2023-04-11,16:25,106.26283
2023-04-11,16:26,106.7074
2023-04-11,16:27,108.21381
2023-04-11,16:28,109.23591
2023-04-11,16:30,110.19228
2023-04-11,16:31,110.32735
2023-04-11,16:32,109.78683
2023-04-11,16:33,109.461136
2023-04-11,16:34,108.716965
2023-04-11,16:35,108.62801
2023-04-11,16:36,108.44072
2023-04-11,16:37,107.66408
2023-04-11,16:37,106.17564
2023-04-11,16:38,105.55224
2023-04-11,16:39,104.59287
2023-04-11,16:41,104.213295
2023-04-11,16:42,105.60242
2023-04-11,16:43,106.08209
2023-04-11,16:44,107.0071
2023-04-11,16:46,106.5303
2023-04-11,16:47,106.34504
2023-04-11,16:48,105.73321
2023-04-11,16:49,105.06564
2023-04-11,16:50,106.8461
2023-04-11,16:51,108.81394
2023-04-11,16:51,108.02691
2023-04-11,16:52,107.68358
2023-04-11,16:53,109.48371
2023-04-11,16:53,111.32325
2023-04-11,16:54,106.94558
2023-04-11,16:55,106.580696
2023-04-11,16:55,101.11049
2023-04-11,16:57,97.10815
2023-04-11,16:56,98.12558
2023-04-11,16:26,87.9098
2023-04-11,17:-4,106.039246
2023-04-11,17:02,108.83731
2023-04-11,17:02,98.22034
2023-04-11,17:04,110.59357
2023-04-11,17:04,109.17687
2023-04-11,17:05,105.50127
2023-04-11,17:06,104.137505
2023-04-11,17:07,110.00149
2023-04-11,17:08,110.98632
2023-04-11,17:10,109.2231
2023-04-11,17:11,110.29396
2023-04-11,17:12,109.46738
2023-04-11,17:13,107.39283
2023-04-11,17:13,107.61354
2023-04-11,17:14,109.685616
2023-04-11,17:16,110.69488
2023-04-11,17:17,108.455376
2023-04-11,17:18,108.28051
2023-04-11,17:19,109.6748
2023-04-11,17:20,111.061295
2023-04-11,17:21,111.3668
2023-04-11,17:22,109.87912
2023-04-11,17:23,108.771965
2023-04-11,17:24,109.32994
2023-04-11,17:24,109.10103
2023-04-11,17:25,108.48146
2023-04-11,17:26,109.59082
2023-04-11,17:28,108.54033
2023-04-11,17:29,107.91388
2023-04-11,17:30,107.786896
2023-04-11,17:31,106.441315
2023-04-11,17:32,105.65885
2023-04-11,17:33,105.872795
2023-04-11,17:34,106.231895
2023-04-11,17:35,107.476425
2023-04-11,17:36,108.89098
2023-04-11,17:37,110.12103
2023-04-11,17:38,109.48259
2023-04-11,17:39,109.59894
2023-04-11,17:40,110.13004
2023-04-11,17:41,110.88275
2023-04-11,17:42,110.363625
2023-04-11,17:43,110.61553
2023-04-11,17:45,111.58476
2023-04-11,17:46,112.33691
2023-04-11,17:47,113.40864
2023-04-11,17:48,114.75867
2023-04-11,17:49,113.93374
2023-04-11,17:50,110.97928
2023-04-11,17:51,110.34475
2023-04-11,17:51,107.90761
2023-04-11,17:52,107.969536
2023-04-11,17:53,109.97527
2023-04-11,17:53,109.914505
2023-04-11,17:54,105.40513
2023-04-11,17:55,108.79501
2023-04-11,17:56,108.03373
2023-04-11,17:58,110.10627
2023-04-11,17:53,106.17927
2023-04-11,17:14,103.48883
2023-04-11,18:-2,99.929955
2023-04-11,18:02,117.39907
2023-04-11,18:02,98.509186
2023-04-11,18:03,94.86647
2023-04-11,18:05,110.52457
2023-04-11,18:05,103.47666
2023-04-11,18:06,100.34321
2023-04-11,18:07,100.35079
2023-04-11,18:08,103.14377
2023-04-11,18:09,107.89101
2023-04-11,18:10,110.7251
2023-04-11,18:11,112.01691
2023-04-11,18:12,110.92322
2023-04-11,18:13,110.71861
2023-04-11,18:14,108.62972
2023-04-11,18:15,106.45882
2023-04-11,18:17,104.18552
2023-04-11,18:18,105.41407
2023-04-11,18:19,105.087715
2023-04-11,18:20,106.900406
2023-04-11,18:21,107.10251
2023-04-11,18:22,108.27779
2023-04-11,18:23,109.75471
2023-04-11,18:23,109.02523
2023-04-11,18:24,110.167534
2023-04-11,18:25,110.002686
2023-04-11,18:26,109.8304
2023-04-11,18:27,110.55048
2023-04-11,18:29,109.21155
2023-04-11,18:30,107.54678
2023-04-11,18:31,106.36171
2023-04-11,18:32,106.49999
2023-04-11,18:33,105.84231
2023-04-11,18:34,105.87456
2023-04-11,18:35,106.36356
2023-04-11,18:36,107.100494
2023-04-11,18:37,108.82004
2023-04-11,18:37,110.86298
2023-04-11,18:38,112.61927
2023-04-11,18:40,113.07319
2023-04-11,18:41,111.86764
2023-04-11,18:42,111.52748
2023-04-11,18:43,110.48609
2023-04-11,18:45,109.421104
2023-04-11,18:46,107.67359
2023-04-11,18:47,106.90882
2023-04-11,18:48,108.58089
2023-04-11,18:49,108.0878
2023-04-11,18:50,108.14167
2023-04-11,18:51,107.015724
2023-04-11,18:51,107.49675
2023-04-11,18:52,109.085365
2023-04-11,18:53,111.622314
2023-04-11,18:53,112.11157
2023-04-11,18:54,109.35455
2023-04-11,18:55,106.604866
2023-04-11,18:56,104.43357
2023-04-11,18:57,108.27508
2023-04-11,18:55,104.79214
2023-04-11,18:20,86.379776
2023-04-11,19:-4,88.6594
2023-04-11,19:01,91.81538
2023-04-11,19:03,113.23388
2023-04-11,19:03,113.07697
2023-04-11,19:04,115.81116
2023-04-11,19:05,114.55803
2023-04-11,19:06,113.96339
2023-04-11,19:07,113.98195
2023-04-11,19:08,113.81046
2023-04-11,19:09,113.8308
2023-04-11,19:11,114.465866
2023-04-11,19:12,112.70746
2023-04-11,19:12,113.02249
2023-04-11,19:13,110.07284
2023-04-11,19:14,109.18562
2023-04-11,19:15,107.28593
2023-04-11,19:17,105.39587
2023-04-11,19:18,105.18313
2023-04-11,19:19,107.34909
2023-04-11,19:20,108.254684
2023-04-11,19:21,106.78809
2023-04-11,19:22,104.7725
2023-04-11,19:23,105.46246
2023-04-11,19:24,104.722534
2023-04-11,19:24,105.66843
2023-04-11,19:25,107.345146
2023-04-11,19:26,106.572556
2023-04-11,19:27,105.33342
2023-04-11,19:29,104.708015
2023-04-11,19:30,105.47439
2023-04-11,19:31,105.970345
2023-04-11,19:32,105.745605
2023-04-11,19:33,104.88519
2023-04-11,19:34,105.65641
2023-04-11,19:35,105.49194
2023-04-11,19:36,104.87823
2023-04-11,19:37,105.647896
2023-04-11,19:37,107.7114
2023-04-11,19:38,108.16208
2023-04-11,19:40,107.71562
2023-04-11,19:41,108.74222
2023-04-11,19:42,110.315895
2023-04-11,19:43,112.02329
2023-04-11,19:45,112.827286
2023-04-11,19:46,114.09745
2023-04-11,19:47,113.3504
2023-04-11,19:48,114.113144
2023-04-11,19:49,114.3712
2023-04-11,19:50,112.53862
2023-04-11,19:51,113.11466
2023-04-11,19:52,114.41674
2023-04-11,19:52,113.74259
2023-04-11,19:53,114.95149
2023-04-11,19:53,109.947784
2023-04-11,19:54,104.94538
2023-04-11,19:55,108.874916
2023-04-11,19:56,111.16156
2023-04-11,19:57,110.4185
2023-04-11,19:54,100.870316
2023-04-11,19:17,102.01988
2023-04-11,20:-3,90.14873
2023-04-11,20:02,108.96226
2023-04-11,20:02,104.90444
2023-04-11,20:03,109.02928
2023-04-11,20:04,108.02666
2023-04-11,20:05,106.67976
2023-04-11,20:06,108.32593
2023-04-11,20:07,114.4142
2023-04-11,20:08,108.8819
2023-04-11,20:09,112.84717
2023-04-11,20:10,115.20306
2023-04-11,20:11,110.57884
2023-04-11,20:12,109.5167
2023-04-11,20:13,111.300064
2023-04-11,20:14,110.05613
2023-04-11,20:15,108.84425
2023-04-11,20:17,109.86033
2023-04-11,20:18,109.371956
2023-04-11,20:19,107.175705
2023-04-11,20:20,106.9905
2023-04-11,20:21,108.40058
2023-04-11,20:22,109.6313
2023-04-11,20:23,109.051605
2023-04-11,20:23,108.09958
2023-04-11,20:24,107.64472
2023-04-11,19:25,108.08691
2023-04-11,19:26,107.51628
2023-04-11,20:27,109.01288
2023-04-11,20:28,110.38452
2023-04-11,20:30,110.96625
2023-04-11,20:31,109.6198
2023-04-11,20:32,108.66843
2023-04-11,20:33,108.89387
2023-04-11,20:34,108.0921
2023-04-11,20:35,107.15444
2023-04-11,20:36,108.19985
2023-04-11,20:37,108.080345
2023-04-11,20:37,107.04264
2023-04-11,20:38,107.309296
2023-04-11,20:40,107.43128
2023-04-11,20:41,107.56569
2023-04-11,20:42,108.70865
2023-04-11,20:43,110.30723
2023-04-11,20:45,110.26337
2023-04-11,20:46,111.30599
2023-04-11,20:47,110.529175
2023-04-11,20:48,111.29561
2023-04-11,20:49,112.18044
2023-04-11,20:50,113.07881
2023-04-11,20:51,113.45091
2023-04-11,20:52,111.6379
2023-04-11,20:52,111.82673
2023-04-11,20:53,111.74745
2023-04-11,20:53,110.83343
2023-04-11,20:54,113.146484
2023-04-11,20:55,108.578804
2023-04-11,20:55,101.79709
2023-04-11,20:57,107.49687
2023-04-11,20:55,101.77491
2023-04-11,20:20,100.87283
2023-04-11,21:-4,90.57351
2023-04-11,21:02,104.43837
2023-04-11,20:02,105.40966
2023-04-11,21:03,98.76175
2023-04-11,21:04,110.258736
2023-04-11,21:05,107.091675
2023-04-11,21:06,110.54683
2023-04-11,21:07,115.75976
2023-04-11,21:08,113.07629
2023-04-11,21:09,112.52353
2023-04-11,21:10,110.3596
2023-04-11,21:11,112.32661
2023-04-11,21:12,112.99281
2023-04-11,21:13,111.62814
2023-04-11,21:14,110.49662
2023-04-11,21:15,108.79
2023-04-11,21:17,108.665245
2023-04-11,21:18,110.06028
2023-04-11,21:19,109.873924
2023-04-11,21:20,110.55883
2023-04-11,21:21,112.183815
2023-04-11,21:22,111.82244
2023-04-11,21:23,110.38627
2023-04-11,21:23,109.69994
2023-04-11,21:24,110.390335
2023-04-11,20:25,110.33904
2023-04-11,20:26,109.03985
2023-04-11,20:27,107.34677
2023-04-11,21:28,108.22286
2023-04-11,21:30,107.34121
2023-04-11,21:31,107.10479
2023-04-11,21:32,106.2336
2023-04-11,21:33,106.18691
2023-04-11,21:34,106.4029
2023-04-11,21:35,105.79975
2023-04-11,21:36,105.33583
2023-04-11,21:37,106.16688
2023-04-11,21:37,106.3099
2023-04-11,21:38,107.490585
2023-04-11,21:40,107.30699
2023-04-11,21:41,107.40618
2023-04-11,21:42,107.49776
2023-04-11,21:43,108.866585
2023-04-11,21:45,110.18333
2023-04-11,21:46,111.70782
2023-04-11,21:47,110.57636
2023-04-11,21:48,109.29072
2023-04-11,21:49,107.02751
2023-04-11,21:50,108.63341
2023-04-11,21:51,107.474884
2023-04-11,21:52,106.366875
2023-04-11,21:52,107.007706
2023-04-11,21:53,109.346855
2023-04-11,21:53,111.03559
2023-04-11,21:54,113.912506
2023-04-11,21:55,110.21493
2023-04-11,21:55,111.16474
2023-04-11,21:57,110.527504
2023-04-11,21:55,101.641235
2023-04-11,21:22,86.571144
2023-04-11,21:-7,7.633119
2023-04-11,22:01,-0.8116246
2023-04-11,22:03,1.2233933
2023-04-11,22:04,3.836508
2023-04-11,22:05,1.4488118
2023-04-11,22:06,5.0979037
2023-04-11,22:06,5.2112527
2023-04-11,22:07,6.532777
2023-04-11,22:08,7.8763585
2023-04-11,22:10,6.866263
2023-04-11,22:11,5.7499104
2023-04-11,22:12,3.68597
2023-04-11,22:13,3.8158815
2023-04-11,22:14,2.3497357
2023-04-11,22:15,2.1440768
2023-04-11,22:15,1.4723132
2023-04-11,21:17,2.1255012
2023-04-11,21:18,2.8671694
2023-04-11,21:19,3.128984
2023-04-11,21:20,2.9492052
2023-04-11,21:21,2.430382
2023-04-11,21:22,1.6109936
2023-04-11,21:23,0.9376412
2023-04-11,21:24,1.1147436
2023-04-11,21:25,1.6230178
2023-04-11,21:25,2.3236694
2023-04-11,21:26,2.709941
2023-04-11,22:27,2.4819567
2023-04-11,22:28,1.8782873
2023-04-11,22:29,2.0173702
2023-04-11,22:31,2.1986148
2023-04-11,22:32,2.5439537
2023-04-11,22:33,2.687913
2023-04-11,22:34,2.9203653
2023-04-11,22:35,3.2250621
2023-04-11,22:35,3.4181476
2023-04-11,22:36,3.637425
2023-04-11,22:37,3.9497638
2023-04-11,22:38,4.4911423
2023-04-11,22:39,4.256309
2023-04-11,22:40,3.9078672
2023-04-11,22:42,3.9797602
2023-04-11,22:43,3.548083
2023-04-11,22:44,3.0367384
2023-04-11,22:46,2.8310225
2023-04-11,22:47,3.0407803
2023-04-11,22:48,2.44455
2023-04-11,22:49,2.3636663
2023-04-11,22:50,2.1858869
2023-04-11,22:51,2.1393783
2023-04-11,22:51,2.3281193
2023-04-11,22:52,1.6465927
2023-04-11,22:53,1.9634569
2023-04-11,22:53,2.6966262
2023-04-11,22:54,1.2838955
2023-04-11,23:54,0.3438538
2023-04-11,23:55,-1.7416836
2023-04-11,23:56,-1.1366343
2023-04-11,22:58,-0.35389885
2023-04-11,22:58,0.6762535
2023-04-11,22:09,-1.554668
2023-04-11,22:03,-5.6298013
2023-04-11,22:04,3.4449131
2023-04-11,23:04,7.7069483
2023-04-11,23:05,8.45643
2023-04-11,23:06,5.799078
2023-04-11,23:07,5.6095257
2023-04-11,23:09,5.4325027
2023-04-11,23:10,4.2363467
2023-04-11,23:11,5.061905
2023-04-11,23:12,5.125161
2023-04-11,23:13,4.205607
2023-04-11,23:14,2.773918
2023-04-11,22:15,1.8570359
2023-04-11,22:16,1.7722685
2023-04-11,22:17,1.5795119
2023-04-11,22:18,1.4682611
2023-04-11,23:19,2.2033274
2023-04-11,23:20,2.2541068
2023-04-11,23:21,2.938307
2023-04-11,23:22,3.3021889
2023-04-11,23:23,2.6711
2023-04-11,23:24,2.1747744
2023-04-11,23:25,1.9609731
2023-04-11,23:26,1.507483
2023-04-11,23:27,1.477644
2023-04-11,23:28,1.3339838
2023-04-11,23:30,0.88671845
2023-04-11,23:30,0.17899434
2023-04-11,23:31,0.24288647
2023-04-11,23:32,0.5158144
2023-04-11,23:33,0.6381738
2023-04-11,23:34,0.6493793
2023-04-11,23:35,1.1089406
2023-04-11,23:35,1.7326965
2023-04-11,23:36,2.4409375
2023-04-11,23:38,2.9023595
2023-04-11,23:39,3.4845095
2023-04-11,23:40,3.6122723
2023-04-11,23:41,3.0755682
2023-04-11,23:42,2.967129
2023-04-11,23:43,3.167976
2023-04-11,23:44,3.344809
2023-04-11,23:45,3.2213442
2023-04-11,23:46,3.4965334
2023-04-11,23:47,2.996291
2023-04-11,23:48,2.4120018
2023-04-11,23:49,2.381021
2023-04-11,23:49,1.6189172
2023-04-11,23:50,1.3514373
2023-04-11,23:51,1.8778645
2023-04-11,23:52,2.1958191
2023-04-11,23:53,2.7189906
2023-04-11,23:54,2.0024087
2023-04-11,23:55,0.41931877
2023-04-11,23:56,-1.92688
2023-04-11,23:58,-2.0566862
